{
    "box_0": {
        "2d_bbox": [
            1028.2045,
            638.2532,
            1118.7559,
            736.9247
        ],
        "3d_points": [
            [
                57.89599130191142,
                -2.193038163743089,
                -1.70275
            ],
            [
                65.35217499421367,
                -2.431627238610141,
                -1.70275
            ],
            [
                65.25430869808858,
                -5.490061836256911,
                -1.70275
            ],
            [
                57.798125005786325,
                -5.251472761389858,
                -1.70275
            ],
            [
                57.89599130191142,
                -2.193038163743089,
                1.4972500000000002
            ],
            [
                65.35217499421367,
                -2.431627238610141,
                1.4972500000000002
            ],
            [
                65.25430869808858,
                -5.490061836256911,
                1.4972500000000002
            ],
            [
                57.798125005786325,
                -5.251472761389858,
                1.4972500000000002
            ]
        ],
        "alpha": 0.0,
        "axis": [
            0.0,
            0.0,
            -1.0
        ],
        "center": [
            61.57515,
            -3.84155,
            -0.10275000000000001
        ],
        "class": "Truck",
        "id": 0,
        "occlusion": 0.0,
        "rot_angle": 0.03198790457781439,
        "size": [
            7.46,
            3.06,
            3.2
        ],
        "truncation": 0.0
    },
    "box_1": {
        "2d_bbox": [
            1180.9426,
            661.9714,
            1270.3833,
            857.6354
        ],
        "3d_points": [
            [
                18.81595197512538,
                -2.596278056286687,
                -1.8240000000000003
            ],
            [
                21.014236304077414,
                -2.6831458240943906,
                -1.8240000000000003
            ],
            [
                20.982648024874614,
                -3.482521943713313,
                -1.8240000000000003
            ],
            [
                18.78436369592258,
                -3.3956541759056096,
                -1.8240000000000003
            ],
            [
                18.81595197512538,
                -2.596278056286687,
                0.23599999999999988
            ],
            [
                21.014236304077414,
                -2.6831458240943906,
                0.23599999999999988
            ],
            [
                20.982648024874614,
                -3.482521943713313,
                0.23599999999999988
            ],
            [
                18.78436369592258,
                -3.3956541759056096,
                0.23599999999999988
            ]
        ],
        "alpha": 0.0,
        "axis": [
            0.0,
            0.0,
            -1.0
        ],
        "center": [
            19.899299999999997,
            -3.0394,
            -0.7940000000000002
        ],
        "class": "Cyclist",
        "id": 1,
        "occlusion": 0.0,
        "rot_angle": 0.03949561642913884,
        "size": [
            2.2,
            0.8,
            2.06
        ],
        "truncation": 0.0
    },
    "box_2": {
        "2d_bbox": [
            1111.6577,
            675.6989,
            1176.3501,
            811.3131
        ],
        "3d_points": [
            [
                25.457020320290887,
                -2.3096457819098566,
                -1.8073000000000001
            ],
            [
                27.655347759843732,
                -2.395415639721519,
                -1.8073000000000001
            ],
            [
                27.621429679709117,
                -3.264754218090144,
                -1.8073000000000001
            ],
            [
                25.423102240156272,
                -3.1789843602784815,
                -1.8073000000000001
            ],
            [
                25.457020320290887,
                -2.3096457819098566,
                0.12269999999999992
            ],
            [
                27.655347759843732,
                -2.395415639721519,
                0.12269999999999992
            ],
            [
                27.621429679709117,
                -3.264754218090144,
                0.12269999999999992
            ],
            [
                25.423102240156272,
                -3.1789843602784815,
                0.12269999999999992
            ]
        ],
        "alpha": 0.0,
        "axis": [
            0.0,
            0.0,
            -1.0
        ],
        "center": [
            26.539225000000002,
            -2.7872000000000003,
            -0.8423
        ],
        "class": "Cyclist",
        "id": 2,
        "occlusion": 0.0,
        "rot_angle": 0.038996181850409546,
        "size": [
            2.2,
            0.87,
            1.93
        ],
        "truncation": 0.0
    },
    "box_3": {
        "2d_bbox": [
            789.065124511719,
            683.013427734375,
            888.555603027344,
            764.525573730469
        ],
        "3d_points": [
            [
                40.38666825598791,
                1.8440607051472568,
                -1.6516445
            ],
            [
                36.78666939743331,
                1.8411939289890733,
                -1.6516445
            ],
            [
                36.785076744012095,
                3.8411932948527427,
                -1.6516445
            ],
            [
                40.385075602566694,
                3.8440600710109263,
                -1.6516445
            ],
            [
                40.38666825598791,
                1.8440607051472568,
                0.028355499999999978
            ],
            [
                36.78666939743331,
                1.8411939289890733,
                0.028355499999999978
            ],
            [
                36.785076744012095,
                3.8411932948527427,
                0.028355499999999978
            ],
            [
                40.385075602566694,
                3.8440600710109263,
                0.028355499999999978
            ]
        ],
        "alpha": 0.0,
        "axis": [
            0.0,
            0.0,
            -1.0
        ],
        "center": [
            38.5858725,
            2.842627,
            -0.8116445
        ],
        "class": "Car",
        "id": 3,
        "occlusion": 0.0,
        "rot_angle": 3.1407963267950234,
        "size": [
            3.6,
            2.0,
            1.68
        ],
        "truncation": 0.0
    }
}